,rmse,mae,r2,score,mape
0,21.928877252240948,16.31222036997477,0.872273193023779,0.8763160732758816,0.17788427999042797
1,12.258210777282494,9.186024726231892,0.9294306439479553,0.9295620784535984,0.17336510521659906
2,32.12081933070145,21.13810902550107,0.9473331400223595,0.9474011199836945,0.15630579353250004
3,27.688948985857763,19.9031435466948,0.8869397242754198,0.8869796659582362,0.18022697579386804
